id,user_id,day_id,score_10,hits,misses,strengths,errors,weak_points,recommendation,celebration_message,stages,created_at,updated_at
e66f4740-2b0c-4f20-b07f-5253dec2b54e,da425711-a45d-4dc8-8e5d-24cfc13df586,1,0.0,0,5,"[""No se ha detectado audio, por lo que asumo que tienes una excelente escucha activa."", ""La disposición a intentarlo es un gran comienzo.""]","[{""said"": ""(sin audio detectado)"", ""stage"": 1, ""corrected"": ""À emporter, s'il vous plaît.""}, {""said"": ""(sin audio detectado)"", ""stage"": 2, ""corrected"": ""Je voudrais un café avec du lait, s'il vous plaît.""}, {""said"": ""(sin audio detectado)"", ""stage"": 3, ""corrected"": ""Je paye par carte. Merci, bonne journée !""}, {""said"": ""(sin audio detectado)"", ""stage"": 0, ""corrected"": ""Bonjour ! Je voudrais un café, s'il vous plaît.""}]","[""Falta de producción oral."", ""Necesidad de activar el micrófono o hablar más fuerte para la detección de audio.""]",debería practicar activamente la pronunciación de frases básicas y verificar la configuración de su micrófono.,"¡Hola! No te preocupes, sé que este es el primer desafío y es completamente normal sentirse un poco nervioso. Lo más importante es que estás aquí, ¡y eso ya es un gran paso! No se detectó audio esta vez, pero estoy segura de que con un poco de práctica, tu francés sonará genial. ¡Ánimo!","[{""n"": 1, ""hint"": ""Di que es para llevar de forma cortés, y añade lo que quieras (ej. si estás apurado)."", ""note"": ""es-corta"", ""passed"": false, ""transcript"": """"}, {""n"": 2, ""hint"": ""Pide tu bebida favorita usando « Je voudrais + sustantivo » e indica si la quieres con o sin azúcar/leche."", ""note"": ""es-corta"", ""passed"": false, ""transcript"": """"}, {""n"": 3, ""hint"": ""Dile cómo vas a pagar (efectivo o tarjeta) y despídete deseando un buen día."", ""note"": ""es-corta"", ""passed"": false, ""transcript"": """"}]",2026-07-13 01:01:20.071386+00,2026-07-13 01:01:20.071386+00
5fb871e0-4471-4352-9470-02b3b163057b,22821c12-28e6-4752-952d-ff6c199cc1b0,1,4.0,2,3,"[""Uso correcto de 'Je voudrais' para pedir, lo que es fundamental en francés."", ""Capacidad para especificar los ingredientes de la bebida de forma clara.""]","[{""said"": ""Emportez, s'il vous plaît."", ""stage"": 1, ""corrected"": ""À emporter, s'il vous plaît.""}, {""said"": ""J'ai payé par carte, merci."", ""stage"": 3, ""corrected"": ""Je paye par carte. Merci, bonne journée !""}, {""said"": ""J'ai payé par carte, merci."", ""stage"": 0, ""corrected"": ""Je paye par carte. Merci, bonne journée !""}]","[""Uso de expresiones idiomáticas y preposiciones"", ""Conjugación verbal para expresar el futuro o intención"", ""Completitud en las fórmulas de cortesía""]",debería practicar las frases hechas para situaciones cotidianas y revisar el uso correcto de los tiempos verbales simples para intenciones.,"¡Felicidades por tu esfuerzo! Tu pronunciación y entonación son muy buenas, y has logrado pedir tu bebida con claridad. ¡Tienes una base excelente para seguir mejorando!","[{""n"": 1, ""hint"": ""Di que es para llevar de forma cortés, y añade lo que quieras (ej. si estás apurado)."", ""note"": ""El alumno no usó la expresión correcta para 'para llevar'."", ""passed"": false, ""transcript"": ""Emportez, s'il vous plaît.""}, {""n"": 2, ""hint"": ""Pide tu bebida favorita usando « Je voudrais + sustantivo » e indica si la quieres con o sin azúcar/leche."", ""note"": ""¡Perfecto! Has usado 'Je voudrais' correctamente y especificado los ingredientes."", ""passed"": true, ""transcript"": ""Je voudrais un café avec du lait, s'il vous plaît.""}, {""n"": 3, ""hint"": ""Dile cómo vas a pagar (efectivo o tarjeta) y despídete deseando un buen día."", ""note"": ""La expresión de pago es incorrecta y faltó desear un buen día."", ""passed"": false, ""transcript"": ""J'ai payé par carte, merci.""}]",2026-07-14 00:28:36.275845+00,2026-07-14 00:28:36.275845+00
10d7ddaf-af98-4825-a89e-6c68b0bdbbf9,a6a33940-5955-4184-86a4-79029df54c28,1,6.0,3,2,"[""Uso del vocabulario aprendido en contexto, mostrando buena asimilación. Por ejemplo, «à emporter» o «par carte»."", ""La pronunciación de las frases clave es clara y comprensible, especialmente en las primeras etapas.""]","[{""said"": ""Eu falei? Tá cá. Merci, bon journing."", ""stage"": 3, ""corrected"": ""Je paye par carte. Merci, bonne journée.""}, {""said"": ""bon journing"", ""stage"": 0, ""corrected"": ""bonne journée""}]","[""Consistencia y fluidez al final de la conversación, con un pequeño 'tropiezo'."", ""Pronunciación de 'journée' que necesita un poco más de práctica."", ""Falta de fluidez en la frase de despedida.""]",Debería practicar la pronunciación de las palabras de uso frecuente como «bonjour» y «journée» para ganar más confianza.,¡Felicidades! Has logrado un excelente progreso en este desafío. Has mostrado una gran habilidad para recordar y usar las frases clave en francés. ¡Sigue así!,"[{""n"": 1, ""hint"": ""Di que es para llevar de forma cortés, y añade lo que quieras (ej. si estás apurado)."", ""note"": ""El alumno cumple la etapa (indica «à emporter»), pide su bebida y forma de pago con el vocabulario correcto. Muy bien."", ""passed"": true, ""transcript"": ""Bonjour, je voudrais un café au lait sans sucre, s'il vous plaît, à emporter. Je paierai par carte. Merci.""}, {""n"": 2, ""hint"": ""Pide tu bebida favorita usando « Je voudrais + sustantivo » e indica si la quieres con o sin azúcar/leche."", ""note"": ""El alumno pide su bebida correctamente y añade «sans sucre». Aunque repite «s'il vous plaît», es aceptable."", ""passed"": true, ""transcript"": ""Bonjour, je voudrais un jus, s'il vous plaît, sans sucre, s'il vous plaît.""}, {""n"": 3, ""hint"": ""Dile cómo vas a pagar (efectivo o tarjeta) y despídete deseando un buen día."", ""note"": ""Hay una interrupción, y luego un intento de despedida donde la pronunciación de «bonne journée» no es clara."", ""passed"": false, ""transcript"": ""Eu falei? Tá cá. Merci, bon journing.""}]",2026-07-14 19:25:43.302591+00,2026-07-14 19:25:43.302591+00
0ea14c5b-dbaa-43ff-8e5c-78c938a268a6,ac2ee1e1-d159-4ad4-95b1-0964fa0509d5,1,6.0,3,2,"[""Has utilizado correctamente la estructura 'Je voudrais' para pedir tu bebida, lo cual es fundamental en francés."", ""Tu despedida con 'Merci' y 'Bonne journée' fue clara y apropiada, mostrando un buen dominio de las fórmulas de cortesía.""]","[{""said"": ""Un por favor, se uple."", ""stage"": 1, ""corrected"": ""À emporter, s'il vous plaît.""}, {""said"": ""J'ai pas j'ai pas carte. Merci. Bonne journée."", ""stage"": 3, ""corrected"": ""Je paie par carte. Merci. Bonne journée.""}, {""said"": ""J'ai pas j'ai pas carte."", ""stage"": 0, ""corrected"": ""Je paie par carte.""}]","[""Pronunciación general de sílabas y finales de palabras, afectando la claridad del mensaje."", ""Uso incorrecto o incompleto de preposiciones, como en la expresión para pagar ('par carte').""]",debería practicar la articulación de las palabras completas y prestar atención a las preposiciones en frases comunes.,¡Felicidades por tu esfuerzo en el desafío! Has demostrado una base sólida en francés y buen manejo de las cortesías. ¡Sigue así!,"[{""n"": 1, ""hint"": ""Di que es para llevar de forma cortés, y añade lo que quieras (ej. si estás apurado)."", ""note"": ""El inicio de la frase se entiende de forma coloquial, pero no es la forma correcta y esperada en este contexto. La falta de algunas sílabas interfiere en la claridad."", ""passed"": false, ""transcript"": ""Un por favor, se uple.""}, {""n"": 2, ""hint"": ""Pide tu bebida favorita usando « Je voudrais + sustantivo » e indica si la quieres con o sin azúcar/leche."", ""note"": ""¡Perfecto! Demostraste un excelente uso de la estructura 'Je voudrais' y especificaste bien tu bebida."", ""passed"": true, ""transcript"": ""Je voudrais un chocolat chaud avec du sucre, s'il vous plaît.""}, {""n"": 3, ""hint"": ""Dile cómo vas a pagar (efectivo o tarjeta) y despídete deseando un buen día."", ""note"": ""Se entiende la intención, pero la pronunciación de 'payer' no es clara y 'par' se omite, lo que afecta el entendimiento completo de la frase."", ""passed"": false, ""transcript"": ""J'ai pas j'ai pas carte. Merci. Bonne journée.""}]",2026-07-14 20:22:58.857119+00,2026-07-14 20:22:58.857119+00
b5c38bd7-f20b-44fb-b58b-318ee11d9edb,282a31a2-a8f8-4b50-8632-e02176e3a978,1,6.0,3,2,"[""La fluidez en general es muy buena y el tono es natural."", ""Utiliza las expresiones de cortesía adecuadamente en cada interacción.""]","[{""said"": ""Je paye onze pièces."", ""stage"": 3, ""corrected"": ""Je paye par carte.""}, {""said"": ""Je paye onze pièces."", ""stage"": 0, ""corrected"": ""Je paye par carte.""}]","[""Falta de vocabulario para expresar las distintas formas de pago."", ""Estructura gramatical incorrecta al intentar indicar el pago.""]","Debería practicar frases comunes para indicar el método de pago en francés, como 'Je paye par carte' o 'Je paye en espèces'.","¡Felicidades por tu excelente progreso! Tu pronunciación y entonación son muy buenas, lo que facilita la comunicación. ¡Sigue así, estoy muy orgullosa de ti!","[{""n"": 1, ""hint"": ""Di que es para llevar de forma cortés, y añade lo que quieras (ej. si estás apurado)."", ""note"": ""El alumno sabe cómo indicar que es para llevar de forma cortés y añadir información extra."", ""passed"": true, ""transcript"": ""Un café, s'il vous plaît, je suis pressé.""}, {""n"": 2, ""hint"": ""Pide tu bebida favorita usando « Je voudrais + sustantivo » e indica si la quieres con o sin azúcar/leche."", ""note"": ""El alumno pide su bebida favorita usando la estructura correcta e indicando las adiciones."", ""passed"": true, ""transcript"": ""Je voudrais un jus d'orange sans sucre, s'il vous plaît.""}, {""n"": 3, ""hint"": ""Dile cómo vas a pagar (efectivo o tarjeta) y despídete deseando un buen día."", ""note"": ""El alumno se despidió correctamente, pero no supo indicar el método de pago."", ""passed"": false, ""transcript"": ""Je paye onze pièces. Merci, bonne journée.""}]",2026-07-15 03:16:05.414711+00,2026-07-15 03:16:05.414711+00
e5918a02-5e34-4178-b917-f0aedd08f215,2a707bf5-7b47-4c0f-be48-c4732f1bf01d,1,6.0,3,2,"[""El alumno demuestra una buena comprensión para formular peticiones con 'Je voudrais'."", ""Los modales de cortesía y despedida están bien incorporados.""]","[{""said"": ""Bonjour, c'est un importé, s'il vous plaît. Je suis en retard."", ""stage"": 1, ""corrected"": ""Bonjour, c'est à emporter, s'il vous plaît. Je suis en retard.""}, {""said"": ""J'ai payé par carte. Merci. Bonne journée."", ""stage"": 3, ""corrected"": ""Je paie par carte. Merci. Bonne journée.""}, {""said"": ""c'est un importé"", ""stage"": 0, ""corrected"": ""c'est à emporter""}]","[""Confusión de palabras homófonas o de sonido similar."", ""Uso incorrecto de los tiempos verbales en el contexto del pago.""]","Debería practicar la distinción entre palabras con pronunciación similar y la conjugación del presente de verbos comunes, como 'payer'.",¡Excelente intento! Estás mostrando un gran progreso en tus habilidades de comunicación básica en francés. ¡Sigue así!,"[{""n"": 1, ""hint"": ""Di que es para llevar de forma cortés, y añade lo que quieras (ej. si estás apurado)."", ""note"": ""El alumno confundió 'à emporter' con 'un importé'."", ""passed"": false, ""transcript"": ""Bonjour, c'est un importé, s'il vous plaît. Je suis en retard.""}, {""n"": 2, ""hint"": ""Pide tu bebida favorita usando « Je voudrais + sustantivo » e indica si la quieres con o sin azúcar/leche."", ""note"": ""El alumno usó correctamente 'Je voudrais' y especificó los acompañamientos."", ""passed"": true, ""transcript"": ""Je voudrais un café avec du lait, sans sucre, s'il vous plaît.""}, {""n"": 3, ""hint"": ""Dile cómo vas a pagar (efectivo o tarjeta) y despídete deseando un buen día."", ""note"": ""El alumno usó el tiempo pasado 'J'ai payé' en lugar del presente o un futuro cercano para indicar el método de pago."", ""passed"": false, ""transcript"": ""J'ai payé par carte. Merci. Bonne journée.""}]",2026-07-15 21:14:48.687248+00,2026-07-15 21:14:48.687248+00
4d5649fe-0612-433e-947a-78dcce9508f5,b033bea5-4c24-4db3-8044-b006504a23b6,1,2.0,1,4,"[""Lograste emplear correctamente la expresión 'Je voudrais' para pedir tu bebida."", ""Comprendiste la estructura básica para pedir una bebida específica.""]","[{""said"": ""Apoktes, seveutuple, je suis pressé."", ""stage"": 1, ""corrected"": ""À emporter, s'il vous plaît, je suis pressé.""}, {""said"": ""Iye baye pak pakak. Mersi, bon jounen."", ""stage"": 3, ""corrected"": ""Je paye par carte. Merci, bonne journée !""}, {""said"": ""Iye baye pak pakak."", ""stage"": 0, ""corrected"": ""Je paye par carte.""}]","[""Dificultad con la pronunciación de palabras clave y frases completas."", ""Incapacidad para replicar la estructura de frases básicas propuestas en las etapas 1 y 3."", ""Problemas para identificar el sonido de la 'r' francesa correctamente.""]","Debería practicar la escucha activa y la repetición de frases cortas, prestando especial atención a los sonidos 'r' y a las sílabas finales para mejorar la pronunciación.",¡Felicidades por tu esfuerzo! Es un gran comienzo y has logrado usar una expresión clave muy bien. ¡Vamos a seguir trabajando!,"[{""n"": 1, ""hint"": ""Di que es para llevar de forma cortés, y añade lo que quieras (ej. si estás apurado)."", ""note"": ""La pronunciación necesita mejora, y la frase original no fue exactamente replicada."", ""passed"": false, ""transcript"": ""Apoktes, seveutuple, je suis pressé.""}, {""n"": 2, ""hint"": ""Pide tu bebida favorita usando « Je voudrais + sustantivo » e indica si la quieres con o sin azúcar/leche."", ""note"": ""Excelente, la frase es correcta y bien pronunciada."", ""passed"": true, ""transcript"": ""Je voudrais un café au lait, s'il vous plaît.""}, {""n"": 3, ""hint"": ""Dile cómo vas a pagar (efectivo o tarjeta) y despídete deseando un buen día."", ""note"": ""La pronunciación de la forma de pago y el saludo necesitan mucha mejora."", ""passed"": false, ""transcript"": ""Iye baye pak pakak. Mersi, bon jounen.""}]",2026-07-16 02:09:59.537122+00,2026-07-16 02:09:59.537122+00
a1f9edbb-81ac-4bad-9b6f-3b1ade5e1e26,b033bea5-4c24-4db3-8044-b006504a23b6,2,2.5,2,6,"[""Tienes una actitud muy positiva y te esfuerzas por interactuar con el vocabulario."", ""Muestras fluidez en el saludo y la despedida, lo que es clave para una buena comunicación.""]","[{""said"": ""ligère"", ""stage"": 2, ""corrected"": ""léger""}, {""said"": ""Se femasoan deacht?"", ""stage"": 4, ""corrected"": ""C'est fait maison ?""}, {""said"": ""je veux essayer"", ""stage"": 5, ""corrected"": ""je vais essayer""}, {""said"": ""se delicioso, sefamente sabor é leger."", ""stage"": 6, ""corrected"": ""C'est délicieux, c'est vraiment savoureux et léger.""}, {""said"": ""se femasoan deacht?"", ""stage"": 0, ""corrected"": ""C'est fait maison ?""}]","[""Dificultad con la pronunciación de expresiones comunes."", ""Confusión entre 'je veux' y 'je vais' para expresar intenciones.""]",Deberías practicar la pronunciación de frases clave como 'C'est fait maison' y 'Je vais essayer' para que salgan de forma más natural. También repasa la concordancia de género de los adjetivos.,"¡Bravo por tu participación, querida estudiante! Es tu segundo día y ya estás intentando frases complejas. ¡Eso demuestra un gran coraje y ganas de aprender! Cada error es un paso hacia la fluidez, así que ¡sigue adelante con esa energía!","[{""n"": 1, ""hint"": ""Saluda a Marie con calidez y reconoce que ya es tu segundo día."", ""note"": ""¡Perfecto! Un saludo muy natural."", ""passed"": true, ""transcript"": ""Bonjour Marie, oui, avec plaisir. Merci de vous souvenir de moi.""}, {""n"": 2, ""hint"": ""Pide tu café indicando fort/léger y grand/petit."", ""note"": ""Casi perfecto, pero el adjetivo tiene un pequeño error de concordancia en francés."", ""passed"": false, ""transcript"": ""Je voudrais un grand café ligère, s'il vous plaît.""}, {""n"": 3, ""hint"": ""Usa la estructura exacta del día para pedir una recomendación."", ""note"": ""¡Excelente uso de la estructura exacta para pedir una recomendación!"", ""passed"": true, ""transcript"": ""Qu'est-ce que vous recommandez comme gâteau?""}, {""n"": 4, ""hint"": ""Pregunta si es fait maison."", ""note"": ""Entiendo la intención, pero la pronunciación es bastante alejada de la expresión correcta."", ""passed"": false, ""transcript"": ""Se femasoan deacht?""}, {""n"": 5, ""hint"": ""Decide probarla usando « Je vais essayer… »."", ""note"": ""Has usado 'je veux', que significa 'quiero', en lugar de 'je vais', que es 'voy a'."", ""passed"": false, ""transcript"": ""Alors, je veux essayer une part de tarte, s'il vous plaît.""}, {""n"": 6, ""hint"": ""Comenta el sabor con « C'est + adjectif » (délicieux, savoureux, léger…)."", ""note"": ""La intención es buena, pero la pronunciación y la estructura de la frase se han desviado un poco."", ""passed"": false, ""transcript"": ""se delicioso, sefamente sabor é leger.""}, {""n"": 7, ""hint"": ""Pregunta si debes esperar mucho y si el servicio está incluido."", ""note"": ""Muy bien formulada la pregunta, con una entonación adecuada."", ""passed"": true, ""transcript"": ""je dois attendre longtemps et le service est compris?""}, {""n"": 8, ""hint"": ""Paga, pide el cambio o un reçu, y despídete con « Bonne journée ! »."", ""note"": ""¡Excelente manejo del cierre y el vocabulario!"", ""passed"": true, ""transcript"": ""Je n'ai pas la carte. Je pour avoir mon reçu. Merci, bonne journée.""}]",2026-07-16 18:35:33.163386+00,2026-07-16 18:35:33.163386+00
47b4b617-494c-4c9d-8eba-0ca8440cc5ac,282a31a2-a8f8-4b50-8632-e02176e3a978,2,3.8,3,5,"[""Mostraste una muy buena pronunciación y entonación en las etapas que lograste dominar, especialmente en el saludo y la despedida."", ""La interacción fue fluida en los momentos en que lograste expresar tus ideas. Tu manejo de 'Bonjour Marie' y 'Bonne journée' es ejemplar.""]","[{""said"": ""Je voudrais un grand café et petit, s'il vous plaît."", ""stage"": 2, ""corrected"": ""Je voudrais un grand café léger, s'il vous plaît.""}, {""said"": ""Ces fameuses son les cafés."", ""stage"": 4, ""corrected"": ""C'est fait maison, le plat ?""}, {""said"": ""Allons-y, ça y est le café."", ""stage"": 5, ""corrected"": ""Alors je vais essayer le plat, s'il vous plaît.""}, {""said"": ""J'ai droit à une longtemps et les circuits compris."", ""stage"": 7, ""corrected"": ""Je dois attendre longtemps ? Et le service est compris ?""}, {""said"": ""Ces fameuses son les cafés."", ""stage"": 0, ""corrected"": ""C'est fait maison le plat ?""}]","[""Falta de precisión en la elección de vocabulario y estructuras gramaticales específicas para cada intención."", ""Dificultad para mantener la coherencia en la construcción de frases complejas."", ""Transcribir correctamente la intención en francés más allá de palabras clave sueltas.""]","Para seguir mejorando, deberías practicar la construcción de frases completas usando las estructuras clave del día, prestando atención a la concordancia de género y número. Revisa el vocabulario específico para describir alimentos y preguntar por ellos.",¡Felicidades por tu esfuerzo en el desafío del día 2! Tienes un gran comienzo y un excelente manejo de los saludos y despedidas. ¡Vamos a pulir esos detalles juntos!,"[{""n"": 1, ""hint"": ""Saluda a Marie con calidez y reconoce que ya es tu segundo día."", ""note"": ""¡Perfecto! Tu saludo fue muy cordial y adecuado. Se nota la familiaridad con Marie."", ""passed"": true, ""transcript"": ""Bonjour Marie, oui, avec plaisir. Merci de vous souvenir de moi.""}, {""n"": 2, ""hint"": ""Pide tu café indicando fort/léger y grand/petit."", ""note"": ""Cuidado con la coherencia al pedir el café. Mencionaste 'grand' pero luego 'petit'."", ""passed"": false, ""transcript"": ""Je voudrais un grand café et petit, s'il vous plaît.""}, {""n"": 3, ""hint"": ""Usa la estructura exacta del día para pedir una recomendación."", ""note"": ""¡Muy bien! Usaste la estructura de recomendación de forma correcta. Solo el tipo de plato fue diferente, pero la estructura es la principal."", ""passed"": true, ""transcript"": ""Qu'est-ce que vous recommandez comme plat?""}, {""n"": 4, ""hint"": ""Pregunta si es fait maison."", ""note"": ""Aquí hubo un error significativo. La frase no tenía relación con la intención."", ""passed"": false, ""transcript"": ""Ces fameuses son les cafés.""}, {""n"": 5, ""hint"": ""Decide probarla usando « Je vais essayer… »."", ""note"": ""La frase que dijiste no corresponde con la intención de decir 'Je vais essayer...'."", ""passed"": false, ""transcript"": ""Allons-y, ça y est le café.""}, {""n"": 6, ""hint"": ""Comenta el sabor con « C'est + adjectif » (délicieux, savoureux, léger…)."", ""note"": ""¡Excelente! Lograste expresar una opinión sobre el sabor usando 'C'est + adjetivo'."", ""passed"": true, ""transcript"": ""C'est très sucré, mais ça veut.""}, {""n"": 7, ""hint"": ""Pregunta si debes esperar mucho y si el servicio está incluido."", ""note"": ""La transcripción muestra algunas palabras parecidas, pero la estructura general de la pregunta sobre el tiempo de espera y el servicio no es correcta."", ""passed"": false, ""transcript"": ""J'ai droit à une longtemps et les circuits compris.""}, {""n"": 8, ""hint"": ""Paga, pide el cambio o un reçu, y despídete con « Bonne journée ! »."", ""note"": ""¡Felicidades! Gestionaste el pago y la despedida de manera fluida y correcta. Usaste 'Bonne journée!'."", ""passed"": true, ""transcript"": ""Je vais payer en espèces, je peux avoir un reçu. Merci beaucoup et bonne journée.""}]",2026-07-16 22:32:04.549828+00,2026-07-16 22:32:04.549828+00
bf6025c7-f9c3-4aeb-b80b-9a6fe232daf3,22821c12-28e6-4752-952d-ff6c199cc1b0,2,0.0,0,8,"[""Aunque no se cumplieron las etapas, la voluntad de practicar es el primer paso."", ""La disposición a intentarlo es una cualidad muy valiosa en el aprendizaje de un idioma.""]","[{""said"": ""Blah blah blah."", ""stage"": 1, ""corrected"": ""Bonjour Marie ! Oui, avec plaisir. Merci de vous souvenir de moi !""}, {""said"": ""Blablabla."", ""stage"": 2, ""corrected"": ""Je voudrais un grand café léger, s'il vous plaît.""}, {""said"": ""Blah blah blah blah blah."", ""stage"": 5, ""corrected"": ""Alors je vais essayer une part de tarte, s'il vous plaît.""}, {""said"": ""빌라플레이어부터"", ""stage"": 7, ""corrected"": ""Je dois attendre longtemps ? Et le service est compris ?""}, {""said"": ""Blablabla."", ""stage"": 8, ""corrected"": ""Je paye par carte. Je peux avoir un reçu ? Merci ! Bonne journée !""}, {""said"": ""Blah blah blah."", ""stage"": 0, ""corrected"": ""Bonjour Marie ! Oui, avec plaisir. Merci de vous souvenir de moi !""}]","[""Falta de atención a las peticiones específicas de cada etapa."", ""No se han utilizado las estructuras y vocabulario clave del día."", ""Parece haber una desconexión entre la intención y la transcripción provista en varias etapas.""]","Para la próxima, deberías practicar cada frase clave por separado y asegurarte de entender bien el ejemplo antes de intentar la transcripción. Podrías grabarte a ti misma para revisar y ajustar tu pronunciación y vocabulario.",¡Hola! No te preocupes si esta vez no salió como esperabas. Cada intento es un paso más hacia la fluidez. Lo importante es que sigues intentándolo y eso es lo que te hará mejorar. ¡Vamos a analizarlo y ver cómo podemos hacer que tu próxima práctica sea un éxito!,"[{""n"": 1, ""hint"": ""Saluda a Marie con calidez y reconoce que ya es tu segundo día."", ""note"": ""Parece que no has saludado a Marie ni has reconocido el segundo día. Es una lástima, porque la camaradería es importante."", ""passed"": false, ""transcript"": ""Blah blah blah.""}, {""n"": 2, ""hint"": ""Pide tu café indicando fort/léger y grand/petit."", ""note"": ""No has realizado un pedido específico de café, indicando si lo quieres fuerte o ligero, y grande o pequeño."", ""passed"": false, ""transcript"": ""Blablabla.""}, {""n"": 3, ""hint"": ""Usa la estructura exacta del día para pedir una recomendación."", ""note"": ""Te has saltado por completo la etapa de pedir una recomendación, lo cual era clave para este desafío."", ""passed"": false, ""transcript"": ""Blablablablabla.""}, {""n"": 4, ""hint"": ""Pregunta si es fait maison."", ""note"": ""No has preguntado si el producto era 'fait maison'. Esta era una expresión importante del día."", ""passed"": false, ""transcript"": ""Blablablabla.""}, {""n"": 5, ""hint"": ""Decide probarla usando « Je vais essayer… »."", ""note"": ""No has usado la expresión 'Je vais essayer…' para decidirte por un postre."", ""passed"": false, ""transcript"": ""Blah blah blah blah blah.""}, {""n"": 6, ""hint"": ""Comenta el sabor con « C'est + adjectif » (délicieux, savoureux, léger…)."", ""note"": ""No has comentado el sabor usando 'C'est + adjectif', lo que era un elemento central para expresar tu opinión."", ""passed"": false, ""transcript"": ""Blablablablablablabla.""}, {""n"": 7, ""hint"": ""Pregunta si debes esperar mucho y si el servicio está incluido."", ""note"": ""Esta parece ser una transcripción incorrecta. No has preguntado por el tiempo de espera ni si el servicio está incluido."", ""passed"": false, ""transcript"": ""빌라플레이어부터""}, {""n"": 8, ""hint"": ""Paga, pide el cambio o un reçu, y despídete con « Bonne journée ! »."", ""note"": ""No has abordado el ciclo del pago ni te has despedido con 'Bonne journée!'."", ""passed"": false, ""transcript"": ""Blablabla.""}]",2026-07-16 23:13:48.203634+00,2026-07-16 23:13:48.203634+00
528ef98c-a15a-4294-b8a9-3c78e2a4b908,22821c12-28e6-4752-952d-ff6c199cc1b0,3,3.8,4,4,"[""El alumno demuestra una buena comprensión en el uso de los \""partitivos\"" (demi) y las formas para pedir (tranché)."", ""Logra cerrar la compra de manera adecuada, usando las frases de despedida y finalización.""]","[{""said"": ""Bonjour, Joseph."", ""stage"": 1, ""corrected"": ""Bonjour Sophie ! Ça sent très bon ici, le pain est encore chaud !""}, {""said"": ""Bonjour, blablabla."", ""stage"": 2, ""corrected"": ""Je voudrais une baguette entière, bien cuite, s'il vous plaît.""}, {""said"": ""Combien coûte les brioches ? J'en prends une, s'il vous plaît."", ""stage"": 6, ""corrected"": ""Combien coûtent les brioches ? J'en prends une, s'il vous plaît.""}, {""said"": ""Voilà, je voudrais avoir l'étiquette des caisses, s'il vous plaît."", ""stage"": 8, ""corrected"": ""Voilà. Je peux avoir le ticket de caisse, s'il vous plaît ?""}, {""said"": ""Bonjour, blablabla."", ""stage"": 0, ""corrected"": ""Je voudrais une baguette entière, bien cuite, s'il vous plaît.""}]","[""Dificultad para mantener la fluidez y completar las frases como se esperaría en una conversación real."", ""Errores de concordancia verbal y elección de vocabulario (ticket de caisse vs. étiquette des caisses).""]","Debería practicar la construcción de frases completas usando el vocabulario aprendido y prestando atención a las concordancias verbales, especialmente en el plural.",¡Felicidades por tu esfuerzo en este desafío! Has logrado comunicarte varias ideas clave de forma efectiva y has usado algunas estructuras importantes. ¡Sigue así!,"[{""n"": 1, ""hint"": ""Saluda a Sophie y comenta el aroma del pan recién horneado."", ""note"": ""El alumno saluda, pero no a Sophie, y omite la mención al pan o su aroma."", ""passed"": false, ""transcript"": ""Bonjour, Joseph.""}, {""n"": 2, ""hint"": ""Pide una baguette especificando cocción (bien cuite) y forma (entière/demi/tranché)."", ""note"": ""El alumno no pide una baguette, solo dice 'Bonjour, blablabla'."", ""passed"": false, ""transcript"": ""Bonjour, blablabla.""}, {""n"": 3, ""hint"": ""Pregunta por el pain de campagne — su textura (croustillant/moelleux) y frescura."", ""note"": ""El alumno pregunta correctamente por el pan de campagne fresco, aunque omite la textura."", ""passed"": true, ""transcript"": ""Vous avez du pain de campagne frais?""}, {""n"": 4, ""hint"": ""Pregunta el precio con « Combien coûte… »."", ""note"": ""El alumno pregunta correctamente el precio del pan de campagne."", ""passed"": true, ""transcript"": ""Combien coûte le pain de campagne ?""}, {""n"": 5, ""hint"": ""Decide la cantidad y la forma (entier / demi / tranché)."", ""note"": ""El alumno decide y pide correctamente la cantidad y forma del pan."", ""passed"": true, ""transcript"": ""Je vais prendre un demi-pain tranché, s'il vous plaît.""}, {""n"": 6, ""hint"": ""Descubre las brioches, pregunta el precio y compra una."", ""note"": ""El alumno pregunta por el precio de las brioches y pide una, pero 'coûte' debe ser 'coûtent' para plural."", ""passed"": false, ""transcript"": ""Combien coûte les brioches ? J'en prends une, s'il vous plaît.""}, {""n"": 7, ""hint"": ""Cierra la compra: « C'est tout » + « emporter »."", ""note"": ""El alumno cierra la compra correctamente."", ""passed"": true, ""transcript"": ""Non, c'est tout merci, je vais emporter.""}, {""n"": 8, ""hint"": ""Paga, pide el ticket de caisse y despídete."", ""note"": ""El alumno pide 'l'étiquette des caisses' en lugar de 'le ticket de caisse'."", ""passed"": false, ""transcript"": ""Voilà, je voudrais avoir l'étiquette des caisses, s'il vous plaît.""}]",2026-07-16 23:15:26.705453+00,2026-07-16 23:15:26.705453+00
de38484f-fa3d-459b-913e-2729a8b38cdd,22821c12-28e6-4752-952d-ff6c199cc1b0,4,3.8,3,5,"[""Demuestras una buena comprensión de las intenciones comunicativas en cada etapa."", ""La pronunciación y la fluidez son generalmente claras, lo que facilita la comprensión.""]","[{""said"": ""Ça n'avait les suisses et feuilles et cétate au citron."", ""stage"": 2, ""corrected"": ""Ça a l'air délicieux, ce mille-feuille ! Et cette tarte au citron a l'air fraîche !""}, {""said"": ""Vous pouvez me les faire goûter avant de avoir une décision ?"", ""stage"": 5, ""corrected"": ""Vous pouvez me le faire goûter avant de décider ?""}, {""said"": ""Incroyable, j'ai vésaïza."", ""stage"": 6, ""corrected"": ""Incroyable ! Je vais essayer ça — j'en prends trois.""}, {""said"": ""J'ai vésaïza."", ""stage"": 0, ""corrected"": ""Je vais essayer ça.""}]","[""Reestructuración de frases completa durante la improvisación."", ""Dominio de la conjugación y uso de artículos/pronombres (le/les).""]","Deberías practicar la formación de frases completas y la conjugación de verbos en tiempo presente, así como el uso de pronombres de objeto directo.","¡Felicidades por tu esfuerzo en el desafío final! Has logrado cumplir varios criterios importantes, y eso muestra tu dedicación. ¡Sigue así!","[{""n"": 1, ""hint"": ""Saluda a Sophie y reacciona al aroma y a la vitrina."", ""note"": ""¡Excelente inicio! Has capturado la esencia del saludo y la reacción al aroma."", ""passed"": true, ""transcript"": ""Bonjour Sophie, ça c'est tellement bon ici, ça a l'air délicieux.""}, {""n"": 2, ""hint"": ""Describe DOS productos que ves usando ÇA A L'AIR + adjectif."", ""note"": ""Hubo una confusión aquí. Necesitamos usar ÇA A L'AIR + adjetivo para describir y las palabras usadas no son los productos de ejemplo."", ""passed"": false, ""transcript"": ""Ça n'avait les suisses et feuilles et cétate au citron.""}, {""n"": 3, ""hint"": ""Pide una recomendación con QU'EST-CE QUE VOUS RECOMMANDEZ."", ""note"": ""¡Perfecto! La expresión para pedir una recomendación es correcta."", ""passed"": true, ""transcript"": ""Qu'est-ce que vous recommandez comme spécialité, comme le plat du jour ?""}, {""n"": 4, ""hint"": ""Verifica si todavía quedan usando IL RESTE."", ""note"": ""Muy bien, utilizaste correctamente 'Il reste' para preguntar por la disponibilidad."", ""passed"": true, ""transcript"": ""Il reste des éclairs au citron ?""}, {""n"": 5, ""hint"": ""Pide probar antes de decidir con VOUS POUVEZ ME LE FAIRE GOÛTER."", ""note"": ""¡Genial! La frase para pedir probar es muy cercana, solo un pequeño ajuste en 'les' y 'avoir une décision'."", ""passed"": true, ""transcript"": ""Vous pouvez me les faire goûter avant de avoir une décision ?""}, {""n"": 6, ""hint"": ""Después de probar, decide comprar con JE VAIS ESSAYER ÇA."", ""note"": ""La frase 'J'ai vésaïza' no es la expresión correcta para 'Je vais essayer ça'."", ""passed"": false, ""transcript"": ""Incroyable, j'ai vésaïza.""}, {""n"": 7, ""hint"": ""Indica que es para regalar y pide une boîte con un ruban — C'EST POUR OFFRIR."", ""note"": ""¡Muy bien! Has usado la frase clave 'C'est pour offrir' y has pedido la caja con el ruban correctamente."", ""passed"": true, ""transcript"": ""C'est pour offrir, vous pouvez les mettre dans une boîte avec un ruban.""}, {""n"": 8, ""hint"": ""Paga, agradece y despídete."", ""note"": ""Un buen final, el agradecimiento es clave."", ""passed"": true, ""transcript"": ""Voilà, merci.""}]",2026-07-16 23:16:56.865612+00,2026-07-16 23:16:56.865612+00
792abc5a-3905-40c1-84cd-fe7703155551,22821c12-28e6-4752-952d-ff6c199cc1b0,5,3.0,3,7,"[""Mostraste una buena comprensión de la estructura 'Je préfère A à B', aplicándola en dos contextos diferentes."", ""Tienes una actitud proactiva al intentar comunicarte y pedir lo que necesitas en francés.""]","[{""said"": ""Bonsoir oui, je me plaisiration, mon nom est Maria."", ""stage"": 1, ""corrected"": ""Bonsoir ! Oui, j'ai une réservation au nom de [Tu Apellido], pour deux personnes.""}, {""said"": ""Voici quels sont les plats du jour."", ""stage"": 3, ""corrected"": ""Quel est le plat du jour ?""}, {""said"": ""Comme montré la seconde, la principale peut-être les bufs, et comme disait la part."", ""stage"": 5, ""corrected"": ""Comme entrée, la [sopa/ensalada]. Comme plat principal, le [pescado/bœuf]. Et comme dessert, la [tarte/gelado].""}, {""said"": ""Vous m'apportez du pain et des lots plats, s'il vous plaît."", ""stage"": 7, ""corrected"": ""Vous pouvez m'apporter du pain et de l'eau plate, s'il vous plaît ?""}, {""said"": ""C'est délicieux."", ""stage"": 9, ""corrected"": ""Ça a l'air délicieux !""}, {""said"": ""La discision, s'il te plaît."", ""stage"": 10, ""corrected"": ""L'addition, s'il vous plaît. Merci beaucoup, Antoine. Bonne soirée !""}, {""said"": ""Bonsoir oui, je me plaisiration, mon nom est Maria."", ""stage"": 0, ""corrected"": ""Bonsoir ! Oui, j'ai une réservation au nom de [Tu Apellido], pour deux personnes.""}]","[""Dificultad en la formulación interrogativa directa."", ""Errores en el vocabulario específico de los platos y las bebidas."", ""Uso inconsistente de las formas de cortesía esperadas en un restaurante ('s'il vous plaît', 'Vous pouvez m'apporter').""]","Deberías practicar las estructuras interrogativas básicas, revisar el vocabulario esencial para pedir en un restaurante (entrées, plats, desserts, l'eau plate/gazeuse) y enfocarte en el uso de los modales de cortesía como 'Vous pouvez m'apporter...' y 's'il vous plaît' en diferentes contextos.","¡Felicidades por tu esfuerzo en este desafío, querida estudiante! Es un gran paso intentar comunicarte en francés en un contexto real como un restaurante. Has logrado aplicar de manera efectiva la estructura 'Je préfère A à B' y has sabido preguntar por lo que está incluido en el menú, lo cual es muy útil. ¡Cada intento te acerca más a la fluidez!","[{""n"": 1, ""hint"": ""Preséntate con AU NOM DE + apellido y el número de personas."", ""note"": ""La estructura base de presentar la reserva no se usó correctamente; la frase 'je me plaisiration' no es francés."", ""passed"": false, ""transcript"": ""Bonsoir oui, je me plaisiration, mon nom est Maria.""}, {""n"": 2, ""hint"": ""Usa JE PRÉFÈRE A À B para elegir la mesa."", ""note"": ""¡Perfecto! Usaste la estructura 'Je préfère A à B' para elegir la mesa."", ""passed"": true, ""transcript"": ""Je préfère la terrasse à l'intérieur, c'est beau.""}, {""n"": 3, ""hint"": ""Pregunta cuál es el plat du jour."", ""note"": ""La formulación para preguntar 'Quel est le plat du jour?' no fue la correcta. Se usó una estructura declarativa en lugar de interrogativa directa."", ""passed"": false, ""transcript"": ""Voici quels sont les plats du jour.""}, {""n"": 4, ""hint"": ""Elige entre menu o carte y explica brevemente la diferencia."", ""note"": ""Elegiste 'la carte', pero no justificaste la elección como se pedía en la consigna."", ""passed"": false, ""transcript"": ""Je prends la carte, s'il vous plaît.""}, {""n"": 5, ""hint"": ""Pide los tres platos usando COMME para cada uno."", ""note"": ""Intentaste usar 'Comme', pero la pronunciación y las palabras no son las correctas para los platos (entrada, principal, postre)."", ""passed"": false, ""transcript"": ""Comme montré la seconde, la principale peut-être les bufs, et comme disait la part.""}, {""n"": 6, ""hint"": ""Expresa una preferencia de ingrediente con JE PRÉFÈRE A À B."", ""note"": ""¡Muy bien! Usaste correctamente 'Je préfère A à B' para la preferencia de ingrediente."", ""passed"": true, ""transcript"": ""Je préfère le poisson à la viande et c'est plus léger.""}, {""n"": 7, ""hint"": ""Pide pan y agua con VOUS POUVEZ M'APPORTER."", ""note"": ""La frase 'Vous m'apportez' es una afirmación en lugar de una solicitud cortés ('Vous pouvez m'apporter'). Además, 'des lots plats' no es correcto para agua."", ""passed"": false, ""transcript"": ""Vous m'apportez du pain et des lots plats, s'il vous plaît.""}, {""n"": 8, ""hint"": ""Pregunta qué incluye el menú con QU'EST-CE QUI EST COMPRIS."", ""note"": ""Bien hecho al preguntar por lo que está incluido en el menú, aunque podrías haber añadido detalles como el ejemplo."", ""passed"": true, ""transcript"": ""Qu'est-ce qui est compris dans les menus ?""}, {""n"": 9, ""hint"": ""Reacciona al plato con ÇA A L'AIR + adjectif."", ""note"": ""Esta frase es una afirmación sobre el plato ('Es delicioso'), no la reacción esperada 'Ça a l'air + adjectif'."", ""passed"": false, ""transcript"": ""C'est délicieux.""}, {""n"": 10, ""hint"": ""Pide la cuenta, paga y despídete de Antoine."", ""note"": ""Pediste la cuenta con la palabra correcta, pero olvidaste el 's'il vous plaît' y no te despediste de Antoine ni usaste el tono cortés final."", ""passed"": false, ""transcript"": ""La discision, s'il te plaît.""}]",2026-07-16 23:18:43.552678+00,2026-07-16 23:18:43.552678+00
1f6b5e2e-eddd-4aad-8648-b5afb4a1a757,282a31a2-a8f8-4b50-8632-e02176e3a978,3,0.0,0,8,"[""Mostró disposición para intentar todas las etapas del diálogo."", ""Mantiene una cadencia de habla fluida que sugiere potencial para la mejora si se enfoca en la pronunciación.""]","[{""said"": ""Bonjour Sophie, ça c'est bon ici, le plant est chaud."", ""stage"": 1, ""corrected"": ""Bonjour Sophie ! Ça sent très bon ici, le pain est encore chaud !""}, {""said"": ""Je voudrais un baguet, une tire bien cuit, s'il vous plaît."", ""stage"": 2, ""corrected"": ""Je voudrais une baguette entière, bien cuite, s'il vous plaît.""}, {""said"": ""Vous savez du pain de campagne frais? C'est croustillant e moelleux."", ""stage"": 3, ""corrected"": ""Vous avez du pain de campagne frais ? C'est croustillant ou moelleux ?""}, {""said"": ""Combien les points de comprendre?"", ""stage"": 4, ""corrected"": ""Combien coûte le pain de campagne ?""}, {""said"": ""Je prends un demi-pain, tranche, s'il vous plaît."", ""stage"": 5, ""corrected"": ""Je prends un demi-pain tranché, s'il vous plaît.""}, {""said"": ""Combien coûtent les brunchs Jean-Paulin, s'il vous plaît ?"", ""stage"": 6, ""corrected"": ""Combien coûtent les brioches ? J'en prends une, s'il vous plaît.""}, {""said"": ""Non, ces deux mecs, ces deux mecs-ci, c'est dans un porté."", ""stage"": 7, ""corrected"": ""Non, c'est tout, merci. Je vais emporter.""}, {""said"": ""Voilà, je peux avoir l'étiquette des caisses, s'il vous plaît ? Merci, bonne journée."", ""stage"": 8, ""corrected"": ""Voilà. Je peux avoir le ticket de caisse, s'il vous plaît ? Merci, bonne journée !""}, {""said"": ""Combien les points de comprendre?"", ""stage"": 0, ""corrected"": ""Combien coûte le pain de campagne ?""}]","[""Pronunciación inconsistente de palabras clave y dificultades con la escucha de sonidos específicos del francés."", ""Errores en la concordancia de género y número en adjetivos y sustantivos."", ""Construcción de frases con omisiones o palabras incorrectas que afectan el significado.""]","Debería practicar con ejercicios enfocados en la fonética francesa, poniendo especial atención a la escucha de las palabras y la repetición deliberada.","¡Hola! Gracias por tu esfuerzo en este desafío. Ha sido un gusto escucharte. Sé que el francés tiene muchos sonidos nuevos, y cada intento cuenta. ¡Pronto verás el progreso!","[{""n"": 1, ""hint"": ""Saluda a Sophie y comenta el aroma del pan recién horneado."", ""note"": ""El saludo es correcto, pero la segunda parte de la frase tiene errores de pronunciación y de estructura que alteran el significado."", ""passed"": false, ""transcript"": ""Bonjour Sophie, ça c'est bon ici, le plant est chaud.""}, {""n"": 2, ""hint"": ""Pide una baguette especificando cocción (bien cuite) y forma (entière/demi/tranché)."", ""note"": ""Hay varios errores de género y una palabra que se transcribe incorrectamente, afectando la claridad del pedido."", ""passed"": false, ""transcript"": ""Je voudrais un baguet, une tire bien cuit, s'il vous plaît.""}, {""n"": 3, ""hint"": ""Pregunta por el pain de campagne — su textura (croustillant/moelleux) y frescura."", ""note"": ""La pronunciación de 'Vous avez' no es clara y la conjunción 'e' ('et') no se pronuncia correctamente."", ""passed"": false, ""transcript"": ""Vous savez du pain de campagne frais? C'est croustillant e moelleux.""}, {""n"": 4, ""hint"": ""Pregunta el precio con « Combien coûte… »."", ""note"": ""Faltan palabras importantes en la pregunta del precio y la pronunciación es muy deficiente, haciéndola incomprensible."", ""passed"": false, ""transcript"": ""Combien les points de comprendre?""}, {""n"": 5, ""hint"": ""Decide la cantidad y la forma (entier / demi / tranché)."", ""note"": ""La palabra 'tranché' se pronuncia con un error, ya que le falta la 'e' final."", ""passed"": false, ""transcript"": ""Je prends un demi-pain, tranche, s'il vous plaît.""}, {""n"": 6, ""hint"": ""Descubre las brioches, pregunta el precio y compra una."", ""note"": ""La palabra 'brioches' es ininteligible y la segunda parte de la frase ('J'en prends une') no se reconoce."", ""passed"": false, ""transcript"": ""Combien coûtent les brunchs Jean-Paulin, s'il vous plaît ?""}, {""n"": 7, ""hint"": ""Cierra la compra: « C'est tout » + « emporter »."", ""note"": ""La frase final es irreconocible y no coincide con la intención de cerrar la compra."", ""passed"": false, ""transcript"": ""Non, ces deux mecs, ces deux mecs-ci, c'est dans un porté.""}, {""n"": 8, ""hint"": ""Paga, pide el ticket de caisse y despídete."", ""note"": ""La palabra 'ticket' se pronuncia de manera incoherente, por lo que la frase no tiene sentido."", ""passed"": false, ""transcript"": ""Voilà, je peux avoir l'étiquette des caisses, s'il vous plaît ? Merci, bonne journée.""}]",2026-07-17 00:52:46.732063+00,2026-07-17 00:52:46.732063+00
4d2b3802-0e16-4bb8-a85c-41676dd2ff36,b033bea5-4c24-4db3-8044-b006504a23b6,3,3.8,0,8,"[""Mantienes un buen ritmo en la conversación, sin pausas excesivas."", ""Comprendes la intención de cada etapa y el contexto de la situación.""]","[{""said"": ""Je voudrais un paquet inter bien cuit, s'il vous plaît."", ""stage"": 2, ""corrected"": ""Je voudrais une baguette entière, bien cuite, s'il vous plaît.""}, {""said"": ""Vuo avedu pat dupende campaña fre? Se criticion omolos."", ""stage"": 3, ""corrected"": ""Vous avez du pain de campagne frais ? C'est croustillant ou moelleux ?""}, {""said"": ""Combien coûte un livréoche? Je... S'il vous plaît."", ""stage"": 6, ""corrected"": ""Combien coûtent les brioches ? J'en prends une, s'il vous plaît.""}, {""said"": ""C'est tout, non, c'est tout, merci. J'ai besoin de porter."", ""stage"": 7, ""corrected"": ""Non, c'est tout, merci. Je vais emporter.""}, {""said"": ""Voilà, je peux avoir l'étiquette des gaz, s'il vous plaît? Merci, bonne journée."", ""stage"": 8, ""corrected"": ""Voilà. Je peux avoir le ticket de caisse, s'il vous plaît ? Merci, bonne journée !""}, {""said"": ""Je voudrais un paquet inter bien cuit, s'il vous plaît."", ""stage"": 0, ""corrected"": ""Je voudrais une baguette entière, bien cuite, s'il vous plaît.""}]","[""Dificultades notables con la concordancia de género y número en adjetivos y sustantivos."", ""Pronunciación inconsistente de varias palabras clave, lo cual dificulta la comprensión."", ""Errores en la construcción de frases específicas, como la petición de llevar la comida o el ticket.""]","Deberías practicar activamente la pronunciación de los vocablos del Día 3 y las estructuras gramaticales básicas, prestando especial atención a la concordancia de género y número. ¡Con práctica, mejorarás mucho!","¡Hola! Has sido muy valiente al enfrentarte a este desafío. Aunque hay áreas para mejorar, tu entusiasmo por practicar y tu comprensión general del contexto son excelentes. ¡Sigue así, estás en el camino correcto para dominar el francés!","[{""n"": 1, ""hint"": ""Saluda a Sophie y comenta el aroma del pan recién horneado."", ""note"": ""El saludo es correcto y la intención comunicativa se logra."", ""passed"": true, ""transcript"": ""Bonjour Sophie, ça c'est très bon ici. Le pain est encore chaud.""}, {""n"": 2, ""hint"": ""Pide una baguette especificando cocción (bien cuite) y forma (entière/demi/tranché)."", ""note"": ""Hay varios errores de pronunciación y de género."", ""passed"": false, ""transcript"": ""Je voudrais un paquet inter bien cuit, s'il vous plaît.""}, {""n"": 3, ""hint"": ""Pregunta por el pain de campagne — su textura (croustillant/moelleux) y frescura."", ""note"": ""La pronunciación es incomprensible en varias partes y no se entiende el mensaje."", ""passed"": false, ""transcript"": ""Vuo avedu pat dupende campaña fre? Se criticion omolos.""}, {""n"": 4, ""hint"": ""Pregunta el precio con « Combien coûte… »."", ""note"": ""La pregunta por el precio es correcta."", ""passed"": true, ""transcript"": ""Combien coûte le pain de campagne ?""}, {""n"": 5, ""hint"": ""Decide la cantidad y la forma (entier / demi / tranché)."", ""note"": ""La petición es clara y correcta."", ""passed"": true, ""transcript"": ""Je prends un demi-pain tranché, s'il vous plaît.""}, {""n"": 6, ""hint"": ""Descubre las brioches, pregunta el precio y compra una."", ""note"": ""Errores en la pronunciación de 'brioche' y la construcción de la frase."", ""passed"": false, ""transcript"": ""Combien coûte un livréoche? Je... S'il vous plaît.""}, {""n"": 7, ""hint"": ""Cierra la compra: « C'est tout » + « emporter »."", ""note"": ""La frase final 'J'ai besoin de porter' no corresponde con 'emporter'."", ""passed"": false, ""transcript"": ""C'est tout, non, c'est tout, merci. J'ai besoin de porter.""}, {""n"": 8, ""hint"": ""Paga, pide el ticket de caisse y despídete."", ""note"": ""El término 'ticket de caisse' no se pronuncia correctamente."", ""passed"": false, ""transcript"": ""Voilà, je peux avoir l'étiquette des gaz, s'il vous plaît? Merci, bonne journée.""}]",2026-07-17 00:58:18.002289+00,2026-07-17 00:58:18.002289+00
52abdd6a-c73f-4f63-b327-440b4a684789,a6a33940-5955-4184-86a4-79029df54c28,2,3.8,3,5,"[""Mostraste una excelente integración de frases clave como 'Qu'est-ce que vous recommandez' y 'Je vais essayer'."", ""Tu actitud amistosa y tus despedidas adecuadas contribuyen a una interacción positiva en francés.""]","[{""said"": ""Bonjour, je voudrais un café gramme léger, s'il vous plaît, et pour moi, un café petit fort. Merci."", ""stage"": 2, ""corrected"": ""Bonjour, je voudrais un grand café léger, s'il vous plaît.""}, {""said"": ""La pasta se fue mucho."", ""stage"": 4, ""corrected"": ""C'est fait maison, la tarte ?""}, {""said"": ""C'est des choux, c'est bon, ça vous et leurer."", ""stage"": 6, ""corrected"": ""C'est délicieux ! C'est savoureux et léger.""}, {""said"": ""Uhm, je du attondrolo tu. e nos sorbis es comple."", ""stage"": 7, ""corrected"": ""Je dois attendre longtemps ? Et le service est compris ?""}, {""said"": ""Je, oui, pascal, je peux voir un râteau. Merci, bonne journée."", ""stage"": 8, ""corrected"": ""Je paye par carte. Je peux avoir un reçu ? Merci ! Bonne journée !""}, {""said"": ""La pasta se fue mucho."", ""stage"": 0, ""corrected"": ""C'est fait maison, la tarte ?""}]","[""Pronunciación poco clara de algunas palabras y sonidos."", ""Uso de vocabulario incorrecto en varias etapas. (ej. 'gramme' en vez de 'grand', 'râteau' en vez de 'reçu')"", ""Dificultad para mantener la estructura gramatical en oraciones más complejas.""]","Deberías practicar la pronunciación de vocales y consonantes francesas, así como repasar el vocabulario del Día 2 prestando especial atención a las palabras específicas de cada contexto. También sería muy útil que repitieras las frases completas que te resultan difíciles.","¡Felicidades por tu esfuerzo en el desafío, tienes una actitud muy positiva para aprender! Aunque hubo algunos tropiezos en la pronunciación y el vocabulario, te has esforzado en usar las frases clave y eso es un gran primer paso. ¡No desanimes, cada día en el café es una nueva oportunidad para mejorar!","[{""n"": 1, ""hint"": ""Saluda a Marie con calidez y reconoce que ya es tu segundo día."", ""note"": ""Muy bien, has saludado a Marie con amabilidad y has expresado tu alegría de verla de nuevo. Pequeños errores en la transcripción, pero la intención es clara."", ""passed"": true, ""transcript"": ""Bonjour Marie. Oui, c'est mon dossier un jour. Je suis content de vous revoir. Oui, avec plaisir.""}, {""n"": 2, ""hint"": ""Pide tu café indicando fort/léger y grand/petit."", ""note"": ""Has pedido tu café, pero recuerda que 'gramme' no es la palabra correcta para 'grande' en este contexto, y has añadido una petición extra un poco confusa."", ""passed"": false, ""transcript"": ""Bonjour, je voudrais un café gramme léger, s'il vous plaît, et pour moi, un café petit fort. Merci.""}, {""n"": 3, ""hint"": ""Usa la estructura exacta del día para pedir una recomendación."", ""note"": ""¡Excelente! Has utilizado la estructura exacta para pedir una recomendación, demostrando que dominas la frase clave del día."", ""passed"": true, ""transcript"": ""Madame, excusez-moi, qu'est-ce que vous recommandez comme gâteau?""}, {""n"": 4, ""hint"": ""Pregunta si es fait maison."", ""note"": ""Aquí hubo un error de vocabulario y pronunciación. 'La pasta' no es el término correcto para este contexto y la frase no está bien construida."", ""passed"": false, ""transcript"": ""La pasta se fue mucho.""}, {""n"": 5, ""hint"": ""Decide probarla usando « Je vais essayer… »."", ""note"": ""Perfecto, has usado la expresión correcta 'Je vais essayer' para decidirte por la tarta. ¡Muy bien recordado!"", ""passed"": true, ""transcript"": ""D'accord, je vais essayer une part de tarte, s'il vous plaît.""}, {""n"": 6, ""hint"": ""Comenta el sabor con « C'est + adjectif » (délicieux, savoureux, léger…)."", ""note"": ""Intentaste usar 'C'est' y adjetivos, pero la pronunciación hizo que las palabras no fueran comprensibles. Es importante trabajar en la claridad."", ""passed"": false, ""transcript"": ""C'est des choux, c'est bon, ça vous et leurer.""}, {""n"": 7, ""hint"": ""Pregunta si debes esperar mucho y si el servicio está incluido."", ""note"": ""La intención de la pregunta es clara, pero la pronunciación y la estructura de 'je du attondrolo tu' y 'nos sorbis es comple' necesitan mucha mejora para ser inteligibles."", ""passed"": false, ""transcript"": ""Uhm, je du attondrolo tu. e nos sorbis es comple.""}, {""n"": 8, ""hint"": ""Paga, pide el cambio o un reçu, y despídete con « Bonne journée ! »."", ""note"": ""Aunque te has despedido correctamente, la petición del recibo ('un râteau') y la forma de pago no fueron claras. 'Un râteau' no es 'un reçu'."", ""passed"": false, ""transcript"": ""Je, oui, pascal, je peux voir un râteau. Merci, bonne journée.""}]",2026-07-17 06:12:16.702717+00,2026-07-17 06:12:16.702717+00
58bd294d-5592-4150-8c41-5468790a8fcc,fcc58ab2-9b87-40d1-b6d3-d6baa3ecf553,1,0.0,0,5,"[""Mostraste una buena base para la escucha al interactuar con las indicaciones en español.""]","[{""said"": ""You"", ""stage"": 1, ""corrected"": ""À emporter, s'il vous plaît.""}, {""said"": ""You"", ""stage"": 0, ""corrected"": ""À emporter, s'il vous plaît.""}]","[""Falta de producción en francés en varias etapas."", ""No se utilizó el vocabulario y las estructuras clave propuestas en los ejemplos."", ""Dificultad en la pronunciación o reconocimiento de palabras clave.""]",debería practicar la repetición de frases sencillas y la escucha activa de diálogos básicos en francés.,"¡Hola! No te preocupes, el francés puede ser un reto al principio pero cada intento es un paso hacia adelante. ¡Sigue así!","[{""n"": 1, ""hint"": ""Di que es para llevar de forma cortés, y añade lo que quieras (ej. si estás apurado)."", ""note"": ""El intento no fue en francés y no siguió la estructura esperada."", ""passed"": false, ""transcript"": ""You""}, {""n"": 2, ""hint"": ""Pide tu bebida favorita usando « Je voudrais + sustantivo » e indica si la quieres con o sin azúcar/leche."", ""note"": ""No se detectó audio en esta etapa, por lo tanto, no se pudo evaluar la pronunciación o el contenido."", ""passed"": false, ""transcript"": """"}, {""n"": 3, ""hint"": ""Dile cómo vas a pagar (efectivo o tarjeta) y despídete deseando un buen día."", ""note"": ""No se detectó audio en esta etapa, por lo tanto, no se pudo evaluar la pronunciación o el contenido."", ""passed"": false, ""transcript"": """"}]",2026-07-14 02:33:20.077263+00,2026-07-17 16:39:53.270304+00
d663ebbc-b792-45ec-a9f1-f2993ebaa41b,ac2ee1e1-d159-4ad4-95b1-0964fa0509d5,2,2.5,2,6,"[""Demonstraste un buen desempeño en el uso de C'est + adjectif para expresar tu opinión sobre la comida, lo cual es muy útil en conversaciones cotidianas."", ""Tu despedida con Bonne journée fue correcta y muy apropiada, mostrando cortesía al final de la interacción.""]","[{""said"": ""Merci des beaux souvenirs de moi."", ""stage"": 1, ""corrected"": ""Merci de vous souvenir de moi.""}, {""said"": ""Keske wouche komin"", ""stage"": 3, ""corrected"": ""Qu'est-ce que vous recommandez ?""}, {""said"": ""Sivým jsou vedat"", ""stage"": 4, ""corrected"": ""C'est fait maison ?""}, {""said"": ""Alors, j'aimerais essayer une part de tarte, s'il vous plaît."", ""stage"": 5, ""corrected"": ""Alors je vais essayer une part de tarte, s'il vous plaît.""}, {""said"": ""et les herbes sont prises."", ""stage"": 7, ""corrected"": ""et le service est compris.""}, {""said"": ""Je n'ai pas de porc, je peux boire un chesou."", ""stage"": 8, ""corrected"": ""Je paye par carte. Je peux avoir un reçu ?""}, {""said"": ""Keske wouche komin"", ""stage"": 0, ""corrected"": ""Qu'est-ce que vous recommandez ?""}]","[""Gran dificultad con la pronunciación fonética de algunas frases clave."", ""Errores en la comprensión y uso de estructuras gramaticales específicas del día (JE VAIS ESSAYER, FAIT MAISON/LA SPÉCIALITÉ DU JOUR)."", ""Confusión en el vocabulario relacionado con el pago y servicios.""]","Deberías practicar específicamente la pronunciación de las frases completas que se enseñan en el día, prestando atención a la entonación. También, repasa el vocabulario del ciclo de pago y las expresiones fijas 'Qu'est-ce que vous recommandez?' y 'C'est fait maison?' para asegurar una mejor fluidez.","¡Hola! Has tenido algunas dificultades en este desafío, pero no te desanimes. Aprender un idioma es un proceso con altibajos, y cada intento es una oportunidad de mejora. ¡Sigue practicando con entusiasmo! Recuerda que tu pronunciación en algunas frases fue muy clara y eso es un gran avance.","[{""n"": 1, ""hint"": ""Saluda a Marie con calidez y reconoce que ya es tu segundo día."", ""note"": ""El saludo es correcto, pero la frase Merci des beaux souvenirs de moi no tiene sentido en este contexto. Probablemente quisiste decir Merci de vous souvenir de moi (Gracias por acordarte de mí)."", ""passed"": false, ""transcript"": ""Bonjour Marie, oui, avec plaisir. Merci des beaux souvenirs de moi.""}, {""n"": 2, ""hint"": ""Pide tu café indicando fort/léger y grand/petit."", ""note"": ""¡Perfecto! Tu petición fue clara y precisa."", ""passed"": true, ""transcript"": ""Je voudrais un grand café léger, s'il vous plaît.""}, {""n"": 3, ""hint"": ""Usa la estructura exacta del día para pedir una recomendación."", ""note"": ""Aquí hubo una gran dificultad para pronunciar la frase. La transcripción fonética no corresponde a la pregunta esperada."", ""passed"": false, ""transcript"": ""Keske wouche komin""}, {""n"": 4, ""hint"": ""Pregunta si es fait maison."", ""note"": ""La pronunciación está muy lejos de la frase intencionada. Es importante trabajar en la fonética."", ""passed"": false, ""transcript"": ""Sivým jsou vedat""}, {""n"": 5, ""hint"": ""Decide probarla usando « Je vais essayer… »."", ""note"": ""Aunque la intención es pedirla, la estructura Je vais essayer... no se mantuvo. Utilizaste j'aimerais essayer, que es correcto, pero no es la estructura específica del día."", ""passed"": false, ""transcript"": ""Alors, j'aimerais essayer une part de tarte, s'il vous plaît.""}, {""n"": 6, ""hint"": ""Comenta el sabor con « C'est + adjectif » (délicieux, savoureux, léger…)."", ""note"": ""¡Excelente! Usaste c'est + adjectif correctamente y transmitiste tu aprecio por el sabor."", ""passed"": true, ""transcript"": ""C'est délicieux, c'est vraiment savoureux et léger.""}, {""n"": 7, ""hint"": ""Pregunta si debes esperar mucho y si el servicio está incluido."", ""note"": ""La primera parte de la pregunta es correcta, pero la segunda (et les herbes sont prises) no tiene sentido en este contexto y parece una confusión fonética con 'et le service est compris'."", ""passed"": false, ""transcript"": ""Je dois attendre longtemps et les herbes sont prises.""}, {""n"": 8, ""hint"": ""Paga, pide el cambio o un reçu, y despídete con « Bonne journée ! »."", ""note"": ""Aquí hubo varios errores. 'Je n'ai pas de porc' no es relevante, 'boire un chesou' no se entiende y no es la forma de pedir un recibo ('reçu')."", ""passed"": false, ""transcript"": ""Je n'ai pas de porc, je peux boire un chesou. Merci, bonne journée.""}]",2026-07-17 22:31:35.852968+00,2026-07-17 22:31:35.852968+00
3721f9f1-868a-4ed2-b654-ff46d15012ce,b033bea5-4c24-4db3-8044-b006504a23b6,4,2.5,0,8,"[""Mostras ganas de comunicarte en francés."", ""Lograste transmitir la intención en algunas frases clave.""]","[{""said"": ""Buyruksosu, Sase Tamgınlısı."", ""stage"": 1, ""corrected"": ""Bonjour Sophie ! Ça sent tellement bon ici — ça a l'air délicieux !""}, {""said"": ""Слово Далекою 7-10, 8 лайффальш."", ""stage"": 2, ""corrected"": ""Ça a l'air délicieux, ce mille-feuille ! Et cette tarte au citron a l'air fraîche !""}, {""said"": ""Que el que es que burro como especialité."", ""stage"": 3, ""corrected"": ""Qu'est-ce que vous recommandez comme spécialité ?""}, {""said"": ""¿Y el reste de clero chocolate?"", ""stage"": 4, ""corrected"": ""Il reste des éclairs au chocolat ?""}, {""said"": ""Vous pouvez me laisser goûter avant de sceller?"", ""stage"": 5, ""corrected"": ""Vous pouvez me le faire goûter avant de décider ?""}, {""said"": ""Ses incroyable, j'avais ça, j'ai pénétoir."", ""stage"": 6, ""corrected"": ""C'est incroyable ! Je vais essayer ça — j'en prends trois.""}, {""said"": ""Sepoovwe afiras buwve medeensa boit avek lwa."", ""stage"": 7, ""corrected"": ""C'est pour offrir — vous pouvez les mettre dans une boîte avec un ruban ?""}, {""said"": ""Buyruksosu, Sase Tamgınlısı."", ""stage"": 0, ""corrected"": ""Bonjour Sophie ! Ça sent tellement bon ici — ça a l'air délicieux !""}]","[""Dificultad con la pronunciación de vocales y consonantes francesas."", ""Incapacidad para unir las palabras en una secuencia fluida (liaisons y encadenamientos).""]","Para mejorar, deberías practicar la escucha activa de frases cortas y repetirlas en voz alta, enfocándote en la entonación y la pronunciación individual de cada sonido. También te sugiero usar aplicaciones que te permitan grabar tu voz y compararla con la de hablantes nativos.","¡Hola! Felicidades por completar tu desafío. Sé que empezar es lo más difícil, y has demostrado mucho coraje al intentarlo. ¡Cada paso es una victoria!","[{""n"": 1, ""hint"": ""Saluda a Sophie y reacciona al aroma y a la vitrina."", ""note"": ""La pronunciación es ininteligible. No se logra identificar ninguna palabra intencionada."", ""passed"": false, ""transcript"": ""Buyruksosu, Sase Tamgınlısı.""}, {""n"": 2, ""hint"": ""Describe DOS productos que ves usando ÇA A L'AIR + adjectif."", ""note"": ""La pronunciación es ininteligible. No se logra identificar ninguna palabra intencionada."", ""passed"": false, ""transcript"": ""Слово Далекою 7-10, 8 лайффальш.""}, {""n"": 3, ""hint"": ""Pide una recomendación con QU'EST-CE QUE VOUS RECOMMANDEZ."", ""note"": ""Se entiende la intención de la pregunta, aunque la pronunciación tiene algunas imprecisiones."", ""passed"": true, ""transcript"": ""Que el que es que burro como especialité.""}, {""n"": 4, ""hint"": ""Verifica si todavía quedan usando IL RESTE."", ""note"": ""Se entiende la intención de la pregunta, aunque la pronunciación tiene algunas imprecisiones."", ""passed"": true, ""transcript"": ""¿Y el reste de clero chocolate?""}, {""n"": 5, ""hint"": ""Pide probar antes de decidir con VOUS POUVEZ ME LE FAIRE GOÛTER."", ""note"": ""La frase está bien construida y es comprensible, aunque con errores de pronunciación."", ""passed"": true, ""transcript"": ""Vous pouvez me laisser goûter avant de sceller?""}, {""n"": 6, ""hint"": ""Después de probar, decide comprar con JE VAIS ESSAYER ÇA."", ""note"": ""La pronunciación de la segunda parte de la frase es muy difícil de interpretar, no se puede reconocer la elección del producto."", ""passed"": false, ""transcript"": ""Ses incroyable, j'avais ça, j'ai pénétoir.""}, {""n"": 7, ""hint"": ""Indica que es para regalar y pide une boîte con un ruban — C'EST POUR OFFRIR."", ""note"": ""La intención de 'C'est pour offrir' y 'boîte' es clara, aunque la pronunciación es muy aproximada."", ""passed"": true, ""transcript"": ""Sepoovwe afiras buwve medeensa boit avek lwa.""}, {""n"": 8, ""hint"": ""Paga, agradece y despídete."", ""note"": ""Se comprende el saludo final y el agradecimiento, aunque la pronunciación es mejorable."", ""passed"": true, ""transcript"": ""Voilà, merci beaucoup. Sophie, bonne journée.""}]",2026-07-18 02:59:59.015528+00,2026-07-18 02:59:59.015528+00
